"","bolsonaro","fraude_eleitoral","redes_sociais","satisfeito_demo","adepto_demo","mulher","superior_pos","interacao_homem_fraude","interacao_superior_fraude"
"1",1,0,0,0,0,0,0,0,0
"2",1,0,0,0,0,1,0,0,0
"3",1,0,0,0,1,0,0,0,0
"4",1,1,1,0,0,0,0,1,1
"5",1,1,0,0,1,1,0,0,1
"6",1,0,0,0,1,0,1,0,0
"7",1,0,0,0,NA,1,1,0,0
"8",1,0,0,0,0,0,0,0,0
"9",1,1,0,0,0,1,0,0,1
"10",0,0,0,0,1,1,0,0,0
"11",1,0,0,0,1,0,0,0,0
"12",1,1,0,0,0,1,1,0,0
"13",1,1,1,0,1,0,1,1,0
"14",0,0,0,0,0,0,0,0,0
"15",1,1,0,0,1,0,0,1,1
"16",1,1,0,0,1,0,0,1,1
"17",1,1,1,0,1,1,0,0,1
"18",1,1,0,0,0,0,0,1,1
"19",1,0,0,0,0,1,0,0,0
"20",1,0,0,0,1,1,0,0,0
"21",0,1,0,0,1,1,1,0,0
"22",1,0,1,0,1,1,0,0,0
"23",0,0,0,0,1,1,0,0,0
"24",1,0,0,1,1,1,0,0,0
"25",0,0,0,0,0,1,1,0,0
"26",1,0,0,0,0,0,0,0,0
"27",1,1,0,0,NA,1,0,0,1
"28",1,0,0,0,1,0,0,0,0
"29",1,0,0,0,1,1,0,0,0
"30",0,0,0,0,1,0,0,0,0
"31",1,0,0,0,1,1,0,0,0
"32",1,1,1,0,0,1,0,0,1
"33",0,0,0,0,0,0,0,0,0
"34",0,0,0,0,0,1,0,0,0
"35",1,1,1,0,NA,0,0,1,1
"36",1,1,1,0,NA,0,0,1,1
"37",0,0,0,0,1,0,0,0,0
"38",1,1,0,0,1,0,0,1,1
"39",0,0,0,0,1,0,0,0,0
"40",1,0,0,0,0,1,0,0,0
"41",0,0,0,0,0,0,0,0,0
"42",1,0,0,0,1,0,0,0,0
"43",0,0,0,0,1,1,0,0,0
"44",1,1,1,0,1,0,0,1,1
"45",0,1,0,0,1,1,0,0,1
"46",0,0,0,0,1,1,0,0,0
"47",1,0,0,0,NA,0,0,0,0
"48",1,0,1,1,0,0,0,0,0
"49",1,1,0,0,1,0,1,1,0
"50",1,1,0,0,1,0,0,1,1
"51",1,1,1,0,1,0,0,1,1
"52",1,1,0,0,NA,1,0,0,1
"53",1,1,1,0,0,1,0,0,1
"54",0,0,1,0,1,1,0,0,0
"55",1,0,0,0,0,0,0,0,0
"56",0,1,0,0,NA,1,0,0,1
"57",0,0,0,0,1,0,0,0,0
"58",1,1,0,0,NA,1,0,0,1
"59",0,1,0,0,1,0,0,1,1
"60",0,1,0,0,1,0,0,1,1
"61",1,0,0,0,NA,1,0,0,0
"62",1,0,0,0,1,1,0,0,0
"63",0,0,1,0,1,1,0,0,0
"64",1,1,0,0,NA,0,0,1,1
"65",0,0,1,0,1,0,0,0,0
"66",0,0,0,0,1,1,0,0,0
"67",1,1,0,1,1,0,0,1,1
"68",1,0,0,0,NA,0,0,0,0
"69",0,0,0,0,1,1,1,0,0
"70",0,1,0,0,1,0,1,1,0
"71",0,0,0,0,1,0,0,0,0
"72",0,1,0,0,1,1,0,0,1
"73",0,0,0,0,1,0,0,0,0
"74",0,0,1,0,1,1,0,0,0
"75",1,1,0,0,1,0,0,1,1
"76",0,0,0,0,1,1,0,0,0
"77",1,1,0,1,1,0,0,1,1
"78",0,1,0,0,1,0,0,1,1
"79",1,0,0,0,1,1,0,0,0
"80",0,1,0,0,1,1,0,0,1
"81",1,1,1,1,1,0,1,1,0
"82",0,0,0,0,0,0,0,0,0
"83",1,0,0,0,1,0,0,0,0
"84",1,1,0,0,1,1,0,0,1
"85",1,1,0,1,1,0,0,1,1
"86",1,1,0,0,1,1,0,0,1
"87",1,1,0,1,1,1,0,0,1
"88",1,1,1,0,1,1,0,0,1
"89",0,1,0,0,1,1,0,0,1
"90",1,1,0,0,1,1,0,0,1
"91",0,0,0,0,1,0,0,0,0
"92",1,0,0,0,1,0,0,0,0
"93",1,0,0,1,0,0,0,0,0
"94",0,0,1,0,1,0,0,0,0
"95",1,0,1,0,1,0,0,0,0
"96",1,0,1,0,1,1,1,0,0
"97",0,1,1,0,0,0,1,1,0
"98",1,0,0,0,1,0,0,0,0
"99",1,0,0,0,0,1,0,0,0
"100",0,1,0,0,1,0,0,1,1
"101",0,0,0,0,1,1,0,0,0
"102",1,0,0,0,NA,1,0,0,0
"103",1,1,1,0,1,1,0,0,1
"104",1,0,0,0,0,0,0,0,0
"105",1,1,0,0,0,1,0,0,1
"106",1,1,1,0,1,1,0,0,1
"107",1,0,1,0,1,0,0,0,0
"108",0,1,0,0,1,1,0,0,1
"109",1,0,0,0,1,0,0,0,0
"110",0,1,0,0,1,0,0,1,1
"111",1,0,0,0,1,1,1,0,0
"112",0,1,0,0,1,1,0,0,1
"113",1,1,0,0,0,0,0,1,1
"114",1,1,0,0,1,1,0,0,1
"115",1,1,1,0,1,0,0,1,1
"116",1,1,0,0,0,0,0,1,1
"117",1,1,0,0,0,0,0,1,1
"118",1,1,0,0,1,0,1,1,0
"119",1,1,1,0,1,0,0,1,1
"120",1,1,0,1,1,0,0,1,1
"121",1,1,0,0,1,1,0,0,1
"122",0,0,0,1,1,1,0,0,0
"123",1,0,0,0,1,1,0,0,0
"124",0,1,0,0,1,1,0,0,1
"125",1,1,0,0,1,1,0,0,1
"126",1,1,0,0,0,0,0,1,1
"127",0,1,0,0,1,0,0,1,1
"128",1,0,0,0,1,1,0,0,0
"129",1,1,1,0,1,0,0,1,1
"130",1,1,1,0,1,1,0,0,1
"131",1,0,1,0,1,1,1,0,0
"132",1,0,0,1,1,0,0,0,0
"133",0,0,0,0,1,1,0,0,0
"134",0,0,1,1,1,1,0,0,0
"135",1,0,0,0,1,0,0,0,0
"136",0,1,0,0,1,0,0,1,1
"137",0,1,0,1,1,0,1,1,0
"138",0,1,0,0,1,1,1,0,0
"139",1,1,0,1,1,0,0,1,1
"140",1,0,0,0,1,1,0,0,0
"141",1,1,0,0,1,1,1,0,0
"142",0,1,0,0,1,1,0,0,1
"143",0,1,0,1,1,1,0,0,1
"144",1,0,0,0,1,0,0,0,0
"145",0,0,0,0,1,1,0,0,0
"146",0,0,0,0,1,0,0,0,0
"147",1,0,1,0,1,0,0,0,0
"148",0,0,0,0,1,1,0,0,0
"149",0,0,0,0,1,0,0,0,0
"150",0,1,0,0,1,1,0,0,1
"151",0,1,1,0,1,1,0,0,1
"152",0,0,0,1,1,0,0,0,0
"153",0,0,0,0,1,1,0,0,0
"154",0,1,0,0,1,0,0,1,1
"155",1,1,0,0,1,1,0,0,1
"156",0,0,0,0,1,0,0,0,0
"157",1,0,0,1,1,0,0,0,0
"158",0,0,0,0,1,1,0,0,0
"159",0,0,0,0,1,0,0,0,0
"160",0,0,1,0,1,0,0,0,0
"161",0,0,0,0,0,1,0,0,0
"162",0,1,0,0,1,1,0,0,1
"163",0,0,1,0,1,0,0,0,0
"164",1,1,0,0,1,0,0,1,1
"165",0,0,0,0,0,0,0,0,0
"166",0,0,0,0,1,1,0,0,0
"167",0,0,0,0,1,1,0,0,0
"168",0,1,0,1,1,0,0,1,1
"169",0,0,1,0,0,1,0,0,0
"170",1,0,0,1,1,0,0,0,0
"171",0,0,0,0,1,1,0,0,0
"172",0,0,1,0,1,0,1,0,0
"173",0,1,0,0,1,1,1,0,0
"174",1,0,0,0,1,1,0,0,0
"175",0,0,0,0,1,0,0,0,0
"176",0,0,0,0,1,0,0,0,0
"177",0,1,0,0,1,1,0,0,1
"178",0,1,1,1,1,1,0,0,1
"179",0,0,0,0,0,1,0,0,0
"180",0,1,0,0,1,0,0,1,1
"181",0,1,0,0,1,0,0,1,1
"182",0,0,0,0,1,1,0,0,0
"183",0,1,0,0,1,0,0,1,1
"184",0,0,0,0,1,0,0,0,0
"185",1,1,0,0,NA,1,0,0,1
"186",1,0,0,0,1,0,0,0,0
"187",0,0,1,1,0,1,0,0,0
"188",1,1,0,1,0,0,0,1,1
"189",1,1,0,0,1,1,0,0,1
"190",0,1,0,0,1,1,0,0,1
"191",0,0,0,0,1,0,0,0,0
"192",0,1,0,0,1,0,0,1,1
"193",0,1,0,0,1,1,0,0,1
"194",0,0,0,0,1,0,0,0,0
"195",1,0,0,0,1,1,0,0,0
"196",1,0,0,0,1,1,1,0,0
"197",0,1,0,0,1,1,0,0,1
"198",0,0,1,0,1,1,0,0,0
"199",1,1,0,1,1,1,0,0,1
"200",1,0,0,0,1,0,0,0,0
"201",1,1,0,0,1,0,0,1,1
"202",0,1,0,0,NA,0,0,1,1
"203",1,1,1,0,1,0,0,1,1
"204",1,1,1,0,1,1,0,0,1
"205",1,1,1,0,1,1,0,0,1
"206",1,0,0,0,1,0,0,0,0
"207",0,0,0,0,1,0,0,0,0
"208",1,1,0,0,1,1,0,0,1
"209",0,0,0,0,1,1,0,0,0
"210",1,0,1,0,1,0,0,0,0
"211",1,1,1,0,1,0,0,1,1
"212",0,0,1,0,1,1,0,0,0
"213",0,0,0,0,1,0,0,0,0
"214",0,1,0,0,1,0,0,1,1
"215",0,1,0,1,1,1,0,0,1
"216",0,0,0,0,1,1,0,0,0
"217",0,0,0,0,1,1,0,0,0
"218",0,1,0,0,1,1,0,0,1
"219",0,0,0,0,1,0,0,0,0
"220",0,0,1,0,1,1,0,0,0
"221",1,0,0,0,0,0,0,0,0
"222",0,1,0,0,1,1,0,0,1
"223",0,1,0,0,0,1,0,0,1
"224",1,0,0,0,1,0,0,0,0
"225",0,0,0,0,1,1,0,0,0
"226",0,0,0,0,1,1,0,0,0
"227",0,1,0,0,1,1,0,0,1
"228",1,0,0,0,1,0,0,0,0
"229",1,1,0,0,1,0,0,1,1
"230",1,0,1,1,0,0,0,0,0
"231",0,0,0,0,1,1,0,0,0
"232",1,1,0,0,1,1,0,0,1
"233",0,1,0,0,1,1,0,0,1
"234",0,1,0,0,1,0,0,1,1
"235",1,0,0,0,1,1,0,0,0
"236",1,1,0,0,1,1,0,0,1
"237",0,1,0,0,1,0,1,1,0
"238",1,1,0,0,1,0,0,1,1
"239",1,1,0,0,1,1,0,0,1
"240",1,0,0,0,1,0,0,0,0
"241",1,0,0,0,1,1,0,0,0
"242",0,0,0,0,1,1,0,0,0
"243",0,0,0,0,1,1,0,0,0
"244",1,0,0,1,1,1,0,0,0
"245",0,0,0,0,1,1,0,0,0
"246",1,0,0,0,1,0,0,0,0
"247",1,0,1,1,1,1,0,0,0
"248",0,1,0,0,1,0,0,1,1
"249",0,1,0,0,1,0,0,1,1
"250",0,1,0,0,1,0,0,1,1
"251",1,1,0,0,1,0,0,1,1
"252",1,1,1,1,1,0,0,1,1
"253",1,0,0,0,1,1,0,0,0
"254",1,1,1,1,1,0,0,1,1
"255",1,0,0,0,1,0,0,0,0
"256",0,0,0,0,1,1,0,0,0
"257",0,0,0,0,1,0,0,0,0
"258",0,0,0,0,1,1,0,0,0
"259",0,0,0,0,1,1,0,0,0
"260",1,0,0,0,1,0,0,0,0
"261",1,1,0,1,1,0,0,1,1
"262",0,0,0,0,1,0,0,0,0
"263",0,0,0,0,1,1,0,0,0
"264",0,1,0,0,1,0,0,1,1
"265",1,1,0,0,0,0,0,1,1
"266",0,1,0,0,1,0,0,1,1
"267",1,1,0,0,1,0,0,1,1
"268",0,0,0,0,1,1,0,0,0
"269",1,1,1,0,1,0,0,1,1
"270",0,0,1,0,1,1,0,0,0
"271",1,0,1,0,1,1,0,0,0
"272",0,0,1,0,1,1,0,0,0
"273",1,1,0,0,1,1,0,0,1
"274",1,0,0,0,1,0,0,0,0
"275",0,1,0,0,1,0,0,1,1
"276",1,1,0,0,1,0,0,1,1
"277",1,0,1,0,1,1,0,0,0
"278",0,1,0,0,1,0,0,1,1
"279",1,1,0,1,1,1,0,0,1
"280",0,0,0,0,1,1,0,0,0
"281",0,0,1,0,0,1,0,0,0
"282",0,0,1,0,1,0,0,0,0
"283",0,1,0,0,1,1,0,0,1
"284",0,1,0,0,1,1,1,0,0
"285",1,1,1,0,1,0,0,1,1
"286",1,0,0,0,0,0,0,0,0
"287",0,1,0,0,1,0,0,1,1
"288",0,0,0,0,1,1,0,0,0
"289",1,0,0,0,1,1,0,0,0
"290",1,1,0,0,1,0,0,1,1
"291",1,1,0,0,1,0,0,1,1
"292",0,0,0,0,1,1,0,0,0
"293",0,0,0,0,1,0,0,0,0
"294",1,0,0,0,1,1,0,0,0
"295",1,0,1,0,0,0,0,0,0
"296",0,0,1,0,1,0,0,0,0
"297",1,1,0,0,1,1,0,0,1
"298",0,0,0,0,1,1,0,0,0
"299",0,0,0,0,NA,1,0,0,0
"300",1,0,0,0,0,0,0,0,0
"301",1,0,0,0,1,0,0,0,0
"302",1,0,0,0,0,0,0,0,0
"303",0,0,0,0,1,0,0,0,0
"304",0,0,0,0,1,1,0,0,0
"305",0,1,1,0,1,1,1,0,0
"306",0,0,0,0,1,0,1,0,0
"307",0,1,0,1,1,0,1,1,0
"308",1,0,0,0,1,0,0,0,0
"309",0,1,0,0,1,0,0,1,1
"310",0,0,1,0,1,1,1,0,0
"311",0,0,0,0,1,0,0,0,0
"312",0,0,0,0,1,0,0,0,0
"313",1,0,1,0,0,0,0,0,0
"314",1,0,1,1,1,0,0,0,0
"315",0,1,0,0,1,0,0,1,1
"316",0,1,0,0,1,1,0,0,1
"317",0,0,0,0,1,1,0,0,0
"318",0,0,0,0,1,1,0,0,0
"319",0,0,0,0,0,0,0,0,0
"320",0,1,0,0,1,0,0,1,1
"321",1,0,0,0,0,1,0,0,0
"322",0,0,1,0,1,1,0,0,0
"323",0,0,0,0,1,1,0,0,0
"324",0,0,0,0,1,1,0,0,0
"325",1,1,0,0,1,0,1,1,0
"326",1,1,1,0,1,0,0,1,1
"327",0,0,0,0,1,1,0,0,0
"328",1,0,0,0,0,0,0,0,0
"329",1,1,0,0,1,1,1,0,0
"330",0,1,0,0,1,1,0,0,1
"331",0,0,0,1,1,0,0,0,0
"332",0,0,0,0,NA,1,0,0,0
"333",0,0,0,1,1,0,0,0,0
"334",0,0,0,0,1,1,0,0,0
"335",0,0,0,0,1,0,0,0,0
"336",1,1,1,1,0,0,0,1,1
"337",1,0,1,0,1,1,0,0,0
"338",1,0,0,0,0,0,0,0,0
"339",0,0,0,0,1,1,0,0,0
"340",0,1,1,1,1,0,0,1,1
"341",0,1,0,0,NA,0,0,1,1
"342",0,1,0,0,NA,1,0,0,1
"343",0,0,0,0,NA,1,1,0,0
"344",0,1,0,0,1,0,0,1,1
"345",0,1,0,0,1,0,0,1,1
"346",0,1,0,0,NA,0,0,1,1
"347",0,1,0,1,1,0,0,1,1
"348",1,1,0,0,NA,1,0,0,1
"349",1,1,0,0,1,1,1,0,0
"350",1,1,0,0,1,1,0,0,1
"351",0,0,1,1,1,1,1,0,0
"352",1,0,0,1,NA,0,0,0,0
"353",1,1,1,1,1,0,0,1,1
"354",0,0,0,0,1,0,0,0,0
"355",0,0,0,0,1,0,0,0,0
"356",1,1,0,0,1,0,0,1,1
"357",1,0,0,0,0,1,0,0,0
"358",0,0,0,0,NA,1,0,0,0
"359",1,1,0,1,NA,0,0,1,1
"360",0,1,0,0,NA,1,0,0,1
"361",0,0,0,1,NA,0,0,0,0
"362",0,1,0,1,1,0,0,1,1
"363",0,0,1,0,NA,1,0,0,0
"364",0,0,0,0,NA,0,0,0,0
"365",1,1,0,0,1,1,0,0,1
"366",1,0,0,0,0,1,0,0,0
"367",1,0,0,0,1,0,1,0,0
"368",0,0,0,0,NA,0,0,0,0
"369",1,1,0,0,1,0,0,1,1
"370",0,1,0,1,1,0,0,1,1
"371",0,0,0,0,1,0,0,0,0
"372",1,0,0,0,1,1,0,0,0
"373",0,0,0,0,1,1,1,0,0
"374",0,0,0,0,1,1,0,0,0
"375",0,1,0,0,1,1,0,0,1
"376",1,1,0,0,1,0,0,1,1
"377",1,1,0,0,1,0,1,1,0
"378",0,1,0,0,NA,1,0,0,1
"379",1,0,0,0,NA,0,0,0,0
"380",0,0,0,0,0,0,0,0,0
"381",0,0,0,1,1,0,0,0,0
"382",1,1,1,0,1,0,0,1,1
"383",1,0,0,1,1,0,0,0,0
"384",0,0,0,0,1,1,1,0,0
"385",0,1,1,1,1,1,0,0,1
"386",0,0,0,0,1,1,0,0,0
"387",0,0,0,0,1,1,0,0,0
"388",1,1,0,0,0,0,0,1,1
"389",0,1,1,0,1,0,0,1,1
"390",1,1,0,0,1,0,0,1,1
"391",1,0,1,0,1,0,0,0,0
"392",1,0,1,1,0,0,0,0,0
"393",1,1,0,0,1,1,1,0,0
"394",1,1,1,0,1,0,0,1,1
"395",0,1,0,1,1,0,0,1,1
"396",0,0,1,0,1,0,0,0,0
"397",1,0,0,0,1,0,0,0,0
"398",0,1,0,1,1,0,0,1,1
"399",0,0,0,0,1,1,0,0,0
"400",1,0,0,0,0,1,0,0,0
"401",0,0,0,0,1,1,0,0,0
"402",0,0,1,0,1,1,0,0,0
"403",1,0,0,0,1,0,0,0,0
"404",1,0,1,0,1,1,0,0,0
"405",1,1,0,0,1,1,0,0,1
"406",1,1,1,0,1,0,0,1,1
"407",0,0,0,0,1,1,0,0,0
"408",0,0,0,0,1,0,0,0,0
"409",1,1,0,0,1,0,0,1,1
"410",0,1,0,0,0,0,0,1,1
"411",0,0,1,0,1,1,0,0,0
"412",0,1,0,1,1,1,0,0,1
"413",0,0,0,0,1,1,0,0,0
"414",0,0,0,0,1,0,0,0,0
"415",0,0,1,0,NA,1,0,0,0
"416",0,1,0,0,1,1,1,0,0
"417",0,1,0,0,1,0,0,1,1
"418",1,0,1,0,0,0,0,0,0
"419",1,1,0,0,1,0,0,1,1
"420",0,1,1,0,1,1,0,0,1
"421",1,0,1,0,0,0,0,0,0
"422",1,0,1,0,1,0,0,0,0
"423",0,0,0,0,0,1,0,0,0
"424",1,0,0,0,1,0,0,0,0
"425",0,1,0,0,1,1,1,0,0
"426",0,1,0,0,1,1,0,0,1
"427",1,0,0,0,NA,0,0,0,0
"428",0,0,0,0,0,1,0,0,0
"429",1,0,0,0,1,1,0,0,0
"430",0,1,0,0,1,1,0,0,1
"431",0,0,0,0,1,1,0,0,0
"432",0,0,0,0,1,0,0,0,0
"433",0,0,0,0,0,0,0,0,0
"434",0,1,0,0,1,1,0,0,1
"435",0,1,0,0,1,0,0,1,1
"436",1,0,1,0,1,1,0,0,0
"437",0,1,0,0,1,0,0,1,1
"438",0,0,0,0,1,1,0,0,0
"439",1,0,1,0,1,0,0,0,0
"440",0,1,0,0,1,0,0,1,1
"441",1,1,0,0,1,0,0,1,1
"442",0,1,0,0,1,1,0,0,1
"443",0,1,0,0,0,1,0,0,1
"444",1,1,0,1,1,0,0,1,1
"445",0,0,0,0,1,1,0,0,0
"446",1,0,1,0,1,1,0,0,0
"447",0,0,1,0,1,0,0,0,0
"448",1,0,0,0,1,1,0,0,0
"449",0,0,0,0,1,1,0,0,0
"450",1,0,0,0,1,0,0,0,0
"451",1,1,1,0,1,1,1,0,0
"452",0,1,0,0,1,1,0,0,1
"453",1,0,0,0,NA,1,0,0,0
"454",0,1,0,0,1,0,0,1,1
"455",0,0,0,0,1,1,0,0,0
"456",0,0,0,0,1,1,0,0,0
"457",1,1,0,0,1,0,1,1,0
"458",0,1,0,0,1,0,0,1,1
"459",1,0,0,0,1,1,0,0,0
"460",1,1,0,1,1,0,0,1,1
"461",1,0,0,0,1,0,0,0,0
"462",1,1,0,1,1,0,0,1,1
"463",1,0,1,0,1,1,1,0,0
"464",1,1,0,0,0,1,0,0,1
"465",0,0,0,0,1,0,0,0,0
"466",0,0,0,0,0,1,0,0,0
"467",0,0,0,0,1,1,0,0,0
"468",1,0,0,0,1,0,0,0,0
"469",1,0,0,0,1,1,0,0,0
"470",1,1,0,0,1,0,0,1,1
"471",0,1,0,0,1,1,0,0,1
"472",0,0,1,0,1,0,0,0,0
"473",0,1,1,0,1,1,1,0,0
"474",0,0,0,0,1,1,0,0,0
"475",0,1,0,0,1,1,0,0,1
"476",1,0,0,0,1,0,0,0,0
"477",0,0,0,0,1,1,0,0,0
"478",0,1,0,0,0,0,0,1,1
"479",1,1,0,0,1,0,1,1,0
"480",0,1,0,1,1,0,0,1,1
"481",0,0,1,0,0,0,0,0,0
"482",0,1,0,0,1,1,0,0,1
"483",0,0,0,0,1,1,0,0,0
"484",1,1,0,1,1,1,0,0,1
"485",0,0,0,0,1,1,0,0,0
"486",1,1,0,0,1,0,1,1,0
"487",1,1,0,0,1,1,1,0,0
"488",1,1,1,1,1,0,0,1,1
"489",0,1,0,0,1,0,1,1,0
"490",0,0,0,0,1,0,0,0,0
"491",0,1,0,0,1,0,0,1,1
"492",0,1,0,0,1,0,0,1,1
"493",0,1,0,0,1,0,0,1,1
"494",1,1,0,0,1,1,0,0,1
"495",1,1,0,0,1,1,1,0,0
"496",1,1,0,1,1,1,1,0,0
"497",0,1,0,1,1,1,0,0,1
"498",1,1,0,0,1,0,0,1,1
"499",1,1,0,0,1,0,0,1,1
"500",0,1,0,0,1,1,0,0,1
"501",1,0,0,0,0,1,0,0,0
"502",0,1,0,0,1,0,0,1,1
"503",0,1,0,0,1,0,0,1,1
"504",0,1,1,0,1,1,0,0,1
"505",0,1,0,0,1,1,1,0,0
"506",0,0,0,0,1,1,0,0,0
"507",1,0,1,1,1,0,0,0,0
"508",0,1,1,0,1,1,1,0,0
"509",1,1,0,0,1,1,1,0,0
"510",1,0,0,0,1,0,0,0,0
"511",0,0,0,1,1,1,0,0,0
"512",0,1,0,0,1,1,0,0,1
"513",0,0,0,0,1,1,0,0,0
"514",0,0,0,0,1,0,0,0,0
"515",1,0,0,0,1,0,1,0,0
"516",0,0,0,0,1,1,0,0,0
"517",0,0,0,0,NA,1,0,0,0
"518",0,1,0,0,1,1,1,0,0
"519",0,1,0,0,1,0,0,1,1
"520",1,1,0,0,1,1,0,0,1
"521",1,1,0,0,0,0,0,1,1
"522",1,1,0,1,1,0,0,1,1
"523",0,0,0,0,1,1,0,0,0
"524",1,0,0,0,0,1,0,0,0
"525",0,0,0,0,1,1,0,0,0
"526",1,0,1,1,1,0,0,0,0
"527",1,1,0,1,1,0,0,1,1
"528",0,0,0,0,1,1,0,0,0
"529",0,1,0,0,1,0,0,1,1
"530",1,0,0,0,1,1,0,0,0
"531",1,1,0,0,1,1,0,0,1
"532",1,0,0,0,1,0,0,0,0
"533",0,0,0,0,1,0,0,0,0
"534",1,1,0,1,1,1,0,0,1
"535",0,0,0,0,1,0,0,0,0
"536",0,1,0,0,1,0,0,1,1
"537",1,0,0,0,1,1,0,0,0
"538",1,0,0,0,1,0,0,0,0
"539",0,1,0,1,1,1,1,0,0
"540",0,0,0,0,1,1,0,0,0
"541",0,0,0,0,1,1,0,0,0
"542",0,1,1,0,1,0,0,1,1
"543",0,1,0,1,0,0,0,1,1
"544",0,1,0,0,1,1,0,0,1
"545",0,0,0,0,1,1,0,0,0
"546",1,1,0,1,1,0,0,1,1
"547",1,0,0,0,1,1,0,0,0
"548",1,1,1,0,1,1,0,0,1
"549",1,0,0,0,1,0,1,0,0
"550",1,0,1,0,1,1,0,0,0
"551",0,1,0,0,1,1,0,0,1
"552",1,0,0,0,1,0,0,0,0
"553",1,1,1,1,1,0,0,1,1
"554",1,0,0,0,1,1,0,0,0
"555",0,0,0,0,1,1,0,0,0
"556",1,1,0,1,1,0,0,1,1
"557",1,1,0,0,1,0,0,1,1
"558",0,1,0,0,1,0,0,1,1
"559",0,1,0,0,1,1,0,0,1
"560",0,0,0,0,1,1,1,0,0
"561",0,1,0,1,1,0,0,1,1
"562",1,0,0,0,0,1,0,0,0
"563",1,1,0,1,1,1,0,0,1
"564",0,1,0,1,1,0,0,1,1
"565",0,0,0,0,1,0,0,0,0
"566",0,0,0,0,1,0,0,0,0
"567",1,0,0,1,1,0,0,0,0
"568",1,1,1,0,1,0,0,1,1
"569",0,1,0,0,1,0,0,1,1
"570",1,1,0,1,1,0,0,1,1
"571",1,1,0,0,1,0,0,1,1
"572",1,1,1,1,1,1,1,0,0
"573",0,0,0,0,1,1,0,0,0
"574",1,0,1,0,0,1,0,0,0
"575",1,1,0,0,1,1,0,0,1
"576",1,0,0,0,1,1,0,0,0
"577",1,1,0,0,1,1,0,0,1
"578",1,0,0,0,1,0,0,0,0
"579",0,1,0,1,1,0,0,1,1
"580",0,1,0,0,1,1,0,0,1
"581",1,0,0,0,1,0,0,0,0
"582",0,0,0,0,1,1,0,0,0
"583",1,0,0,1,1,0,0,0,0
"584",0,0,0,0,1,0,0,0,0
"585",1,1,0,0,1,1,0,0,1
"586",1,1,0,0,1,1,1,0,0
"587",0,1,0,0,1,1,0,0,1
"588",1,0,0,0,1,1,0,0,0
"589",0,1,0,0,1,0,0,1,1
"590",1,1,0,0,1,1,0,0,1
"591",1,1,0,1,0,1,0,0,1
"592",1,1,0,0,NA,1,0,0,1
"593",1,1,0,0,NA,1,0,0,1
"594",0,1,0,0,0,0,0,1,1
"595",1,1,0,0,1,0,0,1,1
"596",0,1,0,0,0,1,0,0,1
"597",1,1,0,0,1,1,0,0,1
"598",0,0,0,0,NA,0,0,0,0
"599",1,0,1,0,0,1,0,0,0
"600",0,0,0,0,1,0,0,0,0
"601",0,0,0,0,1,1,0,0,0
"602",1,0,0,0,1,1,0,0,0
"603",0,0,0,0,1,1,0,0,0
"604",0,0,0,0,1,1,0,0,0
"605",1,0,0,0,0,0,0,0,0
"606",1,0,0,0,NA,0,0,0,0
"607",1,1,0,0,1,0,0,1,1
"608",1,0,0,0,1,1,1,0,0
"609",1,0,0,0,1,1,0,0,0
"610",1,0,0,0,1,0,1,0,0
"611",1,0,0,0,1,1,1,0,0
"612",1,0,0,0,NA,1,0,0,0
"613",0,1,1,0,1,0,0,1,1
"614",1,1,0,1,1,0,0,1,1
"615",1,0,1,1,0,0,0,0,0
"616",1,1,0,1,1,0,0,1,1
"617",0,1,0,0,1,0,0,1,1
"618",0,0,1,0,1,1,0,0,0
"619",1,1,0,0,1,0,0,1,1
"620",1,0,0,0,NA,0,0,0,0
"621",1,0,0,0,1,1,0,0,0
"622",1,1,1,0,1,1,0,0,1
"623",1,0,1,0,0,0,0,0,0
"624",1,0,0,0,1,0,0,0,0
"625",1,0,0,0,0,1,0,0,0
"626",1,0,0,0,1,1,0,0,0
"627",1,0,1,0,1,1,0,0,0
"628",0,0,0,0,1,0,0,0,0
"629",0,1,0,0,0,0,0,1,1
"630",1,0,0,0,0,1,0,0,0
"631",0,0,0,1,0,0,1,0,0
"632",1,1,0,1,1,0,0,1,1
"633",1,0,1,1,1,0,0,0,0
"634",1,1,1,0,0,1,0,0,1
"635",1,0,0,0,1,1,0,0,0
"636",1,1,0,0,1,0,0,1,1
"637",1,0,0,1,1,0,0,0,0
"638",1,0,0,0,1,0,0,0,0
"639",1,0,0,0,0,1,0,0,0
"640",1,0,0,0,1,1,0,0,0
"641",1,0,0,0,1,0,0,0,0
"642",1,1,0,0,1,0,0,1,1
"643",0,0,0,1,NA,0,0,0,0
"644",1,1,1,1,1,0,0,1,1
"645",0,1,0,0,1,1,1,0,0
"646",1,0,1,0,1,1,0,0,0
"647",0,0,0,0,1,0,0,0,0
"648",0,0,1,0,1,1,0,0,0
"649",1,1,0,0,1,1,0,0,1
"650",0,1,0,0,1,0,0,1,1
"651",0,0,0,0,NA,0,0,0,0
"652",1,1,1,1,1,0,0,1,1
"653",0,1,1,0,1,1,0,0,1
"654",0,1,0,0,1,1,0,0,1
"655",0,0,0,0,1,1,0,0,0
"656",0,0,0,0,1,0,0,0,0
"657",1,1,1,0,0,0,0,1,1
"658",1,0,1,0,NA,0,0,0,0
"659",0,0,0,0,1,1,1,0,0
"660",1,1,0,1,1,1,1,0,0
"661",1,0,0,0,1,1,0,0,0
"662",1,1,0,0,1,1,0,0,1
"663",1,0,0,1,NA,1,0,0,0
"664",1,0,0,0,NA,1,0,0,0
"665",0,0,1,0,1,0,0,0,0
"666",1,1,0,0,1,0,0,1,1
"667",1,1,0,0,1,0,1,1,0
"668",1,1,1,0,0,0,0,1,1
"669",0,0,1,0,0,1,0,0,0
"670",1,1,1,0,1,0,0,1,1
"671",1,1,0,0,1,0,0,1,1
"672",0,0,0,0,1,1,0,0,0
"673",1,1,0,1,1,0,0,1,1
"674",1,0,1,1,1,1,1,0,0
"675",0,0,0,0,1,0,0,0,0
"676",1,0,0,0,NA,0,0,0,0
"677",0,0,0,0,0,1,0,0,0
"678",1,0,1,0,0,0,0,0,0
"679",0,1,0,1,1,0,0,1,1
"680",0,1,0,1,1,0,0,1,1
"681",1,1,0,0,0,0,0,1,1
"682",0,0,0,0,0,1,0,0,0
"683",1,1,1,0,1,1,0,0,1
"684",1,1,1,0,1,0,1,1,0
"685",1,0,0,0,0,1,1,0,0
"686",1,0,0,0,0,0,0,0,0
"687",1,1,0,0,1,0,0,1,1
"688",1,1,0,0,1,0,0,1,1
"689",0,0,0,0,1,0,0,0,0
"690",1,1,0,0,1,0,0,1,1
"691",0,0,0,0,1,0,0,0,0
"692",1,1,0,1,1,1,1,0,0
"693",1,1,1,0,1,1,1,0,0
"694",1,1,0,1,1,1,0,0,1
"695",0,1,1,0,1,0,0,1,1
"696",1,0,1,0,1,1,1,0,0
"697",1,1,0,0,0,0,0,1,1
"698",1,0,1,0,1,1,1,0,0
"699",1,1,0,0,NA,1,0,0,1
"700",0,0,0,0,1,0,0,0,0
"701",1,0,0,0,0,1,1,0,0
"702",1,0,0,1,NA,1,0,0,0
"703",0,0,1,0,NA,1,1,0,0
"704",1,0,1,1,0,0,1,0,0
"705",0,0,1,1,1,1,0,0,0
"706",0,1,0,1,1,1,0,0,1
"707",0,1,1,0,1,1,0,0,1
"708",1,0,0,0,0,0,0,0,0
"709",0,1,0,0,1,0,0,1,1
"710",1,1,0,0,1,0,0,1,1
"711",1,1,0,0,1,0,0,1,1
"712",1,1,0,1,1,0,0,1,1
"713",1,0,0,0,0,0,0,0,0
"714",1,1,0,1,0,1,0,0,1
"715",1,1,0,0,0,1,0,0,1
"716",1,1,0,0,1,1,0,0,1
"717",0,1,1,0,0,0,1,1,0
"718",0,0,0,0,1,0,0,0,0
"719",1,0,0,0,1,0,0,0,0
"720",0,0,0,0,0,0,0,0,0
"721",1,1,0,1,0,1,0,0,1
"722",0,0,0,0,1,1,0,0,0
"723",0,1,0,0,1,1,0,0,1
"724",0,0,1,0,1,1,0,0,0
"725",1,1,1,0,1,0,0,1,1
"726",0,1,0,0,1,1,1,0,0
"727",1,1,0,0,1,0,0,1,1
"728",1,1,0,1,1,0,0,1,1
"729",1,1,0,0,1,0,0,1,1
"730",0,1,1,0,0,0,0,1,1
"731",0,0,0,0,1,0,0,0,0
"732",1,0,0,1,1,1,0,0,0
"733",1,0,0,0,1,1,0,0,0
"734",1,0,0,0,0,0,0,0,0
"735",1,1,0,0,NA,0,1,1,0
"736",1,0,0,0,NA,1,0,0,0
"737",1,0,0,0,0,1,0,0,0
"738",1,0,0,0,1,0,0,0,0
"739",1,1,0,0,0,1,0,0,1
"740",0,1,0,0,1,1,0,0,1
"741",1,0,0,0,0,0,0,0,0
"742",1,0,0,0,1,0,1,0,0
"743",0,0,0,0,1,1,0,0,0
"744",0,1,0,0,1,1,0,0,1
"745",1,1,0,0,1,1,1,0,0
"746",1,0,0,0,1,1,1,0,0
"747",1,1,1,0,1,0,0,1,1
"748",1,1,1,0,0,0,0,1,1
"749",1,0,1,0,0,1,0,0,0
"750",0,0,0,0,1,1,0,0,0
"751",1,0,0,0,1,0,0,0,0
"752",0,1,0,0,1,0,1,1,0
"753",1,1,0,0,1,0,1,1,0
"754",1,1,0,0,1,1,0,0,1
"755",1,0,0,0,1,1,0,0,0
"756",1,0,0,0,0,0,0,0,0
"757",0,0,1,0,1,1,0,0,0
"758",1,0,0,0,0,0,0,0,0
"759",1,0,0,0,0,0,0,0,0
"760",1,0,0,0,1,0,0,0,0
"761",1,1,0,0,1,1,0,0,1
"762",1,1,0,0,1,0,1,1,0
"763",0,1,0,0,1,1,0,0,1
"764",1,1,0,0,0,0,0,1,1
"765",1,1,0,0,1,0,1,1,0
"766",1,1,1,1,1,0,1,1,0
"767",1,1,0,0,1,1,0,0,1
"768",1,0,0,0,1,1,0,0,0
"769",1,1,0,0,1,0,0,1,1
"770",1,0,0,0,0,1,1,0,0
"771",0,0,0,0,1,0,0,0,0
"772",1,0,0,0,0,0,0,0,0
"773",1,1,1,1,1,0,0,1,1
"774",0,0,1,0,1,1,0,0,0
"775",0,1,1,1,1,0,0,1,1
"776",0,0,0,0,0,1,0,0,0
"777",0,0,0,0,0,1,0,0,0
"778",1,0,0,0,1,0,0,0,0
"779",1,1,0,0,1,0,0,1,1
"780",0,1,1,0,1,1,0,0,1
"781",1,1,0,1,1,0,0,1,1
"782",1,0,1,0,NA,0,0,0,0
"783",1,0,1,0,1,0,0,0,0
"784",1,0,1,0,1,0,0,0,0
"785",1,1,0,0,1,1,0,0,1
"786",1,0,1,0,0,1,1,0,0
"787",1,0,0,1,1,0,0,0,0
"788",1,1,1,0,1,0,0,1,1
"789",1,0,0,0,1,1,0,0,0
"790",0,0,0,0,1,1,0,0,0
"791",1,0,0,0,1,1,0,0,0
"792",1,0,0,0,1,1,0,0,0
"793",1,0,1,0,1,0,1,0,0
"794",1,0,0,0,1,1,0,0,0
"795",0,0,0,1,1,0,0,0,0
"796",1,0,0,1,1,1,0,0,0
"797",1,0,0,0,0,0,0,0,0
"798",1,0,0,0,1,1,0,0,0
"799",1,0,0,0,1,0,0,0,0
"800",1,1,1,0,1,0,0,1,1
"801",1,1,0,0,1,0,0,1,1
"802",1,0,1,0,1,1,0,0,0
"803",1,1,1,0,1,0,0,1,1
"804",1,1,1,0,0,0,0,1,1
"805",1,0,0,0,1,0,0,0,0
"806",0,0,0,0,1,1,0,0,0
"807",1,0,0,0,0,1,0,0,0
"808",1,1,1,1,1,0,0,1,1
"809",1,1,0,1,1,0,0,1,1
"810",1,0,0,0,0,1,0,0,0
"811",1,1,0,0,1,0,0,1,1
"812",1,1,0,0,1,1,0,0,1
"813",0,0,0,0,1,1,0,0,0
"814",0,1,0,0,1,0,0,1,1
"815",1,0,0,0,1,0,0,0,0
"816",1,0,1,1,0,0,0,0,0
"817",1,0,0,0,1,1,0,0,0
"818",1,0,1,0,1,0,0,0,0
"819",0,0,1,0,1,1,0,0,0
"820",0,1,0,0,1,1,1,0,0
"821",1,1,0,1,0,0,0,1,1
"822",1,0,0,0,1,1,0,0,0
"823",1,0,0,0,1,1,0,0,0
"824",1,1,0,0,1,0,0,1,1
"825",1,1,0,0,1,0,0,1,1
"826",0,0,0,0,1,0,0,0,0
"827",0,0,0,0,1,1,0,0,0
"828",1,0,0,0,0,1,0,0,0
"829",1,0,0,0,1,1,0,0,0
"830",1,0,0,0,0,0,0,0,0
"831",1,1,1,0,1,1,0,0,1
"832",1,1,1,0,NA,0,0,1,1
"833",0,0,0,0,1,1,0,0,0
"834",1,0,1,0,1,1,0,0,0
"835",1,0,1,0,1,0,0,0,0
"836",1,1,0,0,1,0,0,1,1
"837",1,1,0,1,1,0,1,1,0
"838",0,1,0,0,1,0,0,1,1
"839",0,1,0,0,1,1,0,0,1
"840",0,1,1,0,1,1,1,0,0
"841",0,0,0,0,1,1,0,0,0
"842",1,1,0,0,1,0,0,1,1
"843",0,0,0,0,1,0,0,0,0
"844",1,0,0,0,1,1,0,0,0
"845",1,1,0,1,1,0,0,1,1
"846",0,0,0,0,NA,1,0,0,0
"847",0,1,0,0,1,0,0,1,1
"848",1,0,0,1,0,0,0,0,0
"849",0,1,0,1,1,1,0,0,1
"850",0,0,0,0,1,1,0,0,0
"851",1,0,0,0,1,1,0,0,0
"852",1,0,0,0,1,1,0,0,0
"853",1,1,0,0,1,0,0,1,1
"854",0,1,0,1,1,0,0,1,1
"855",1,0,1,0,1,0,0,0,0
"856",0,1,0,1,1,0,0,1,1
"857",0,1,0,0,1,1,1,0,0
"858",1,1,0,1,1,0,1,1,0
"859",1,1,0,0,1,1,1,0,0
"860",1,0,1,0,0,1,1,0,0
"861",0,1,1,0,1,1,0,0,1
"862",1,1,0,0,0,1,0,0,1
"863",0,1,0,0,1,0,0,1,1
"864",0,0,0,0,1,1,0,0,0
"865",1,1,0,0,1,1,0,0,1
"866",1,1,1,0,1,0,0,1,1
"867",1,1,0,0,1,1,0,0,1
"868",1,1,0,0,1,1,0,0,1
"869",0,0,0,0,0,1,0,0,0
"870",1,1,0,1,1,0,0,1,1
"871",0,1,0,0,1,0,0,1,1
"872",0,1,0,0,1,0,0,1,1
"873",1,1,0,0,1,0,1,1,0
"874",1,0,0,0,1,0,0,0,0
"875",1,0,1,0,1,0,0,0,0
"876",1,0,0,1,0,1,1,0,0
"877",1,0,0,0,0,0,0,0,0
"878",0,0,1,0,1,0,0,0,0
"879",1,1,0,0,1,0,0,1,1
"880",0,1,0,0,1,1,0,0,1
"881",0,1,0,0,1,0,1,1,0
"882",1,1,0,0,NA,1,1,0,0
"883",1,0,0,0,1,1,0,0,0
"884",1,0,0,1,1,1,0,0,0
"885",1,0,0,0,0,0,0,0,0
"886",0,0,0,0,1,1,1,0,0
"887",1,0,1,1,1,0,0,0,0
"888",0,0,0,0,1,0,0,0,0
"889",0,1,0,0,1,1,0,0,1
"890",0,1,0,0,1,1,1,0,0
"891",1,1,0,0,0,0,0,1,1
"892",0,0,0,0,1,0,0,0,0
"893",0,1,0,0,1,1,0,0,1
"894",0,1,0,0,1,1,1,0,0
"895",0,1,0,0,1,1,1,0,0
"896",0,1,0,0,1,0,1,1,0
"897",1,0,0,0,1,1,1,0,0
"898",0,1,0,0,1,1,0,0,1
"899",1,0,0,1,1,0,0,0,0
"900",1,0,0,1,1,0,1,0,0
"901",1,1,0,0,1,1,1,0,0
"902",0,1,0,0,1,0,1,1,0
"903",1,1,0,0,1,1,1,0,0
"904",0,0,1,0,1,1,0,0,0
"905",1,0,0,0,0,0,0,0,0
"906",1,0,0,0,1,1,0,0,0
"907",1,0,0,0,1,1,0,0,0
"908",0,0,0,0,1,1,0,0,0
"909",1,0,1,0,1,1,1,0,0
"910",1,0,1,0,1,1,0,0,0
"911",0,0,0,0,0,0,0,0,0
"912",0,0,0,0,1,0,0,0,0
"913",0,0,0,0,1,0,0,0,0
"914",1,1,0,1,0,1,0,0,1
"915",1,1,0,1,1,0,0,1,1
"916",0,0,0,1,1,0,0,0,0
"917",1,1,0,0,1,1,0,0,1
"918",0,0,0,0,1,1,0,0,0
"919",0,0,1,0,0,1,0,0,0
"920",1,0,0,0,1,1,0,0,0
"921",1,0,0,0,1,0,0,0,0
"922",1,0,0,0,1,1,0,0,0
"923",0,0,0,0,NA,1,0,0,0
"924",1,0,0,0,1,0,0,0,0
"925",0,0,0,0,1,0,0,0,0
"926",0,0,0,0,1,1,0,0,0
"927",1,0,0,0,1,0,0,0,0
"928",0,0,0,0,1,0,0,0,0
"929",0,1,0,0,1,1,0,0,1
"930",1,1,1,0,1,1,0,0,1
"931",0,0,0,0,1,1,0,0,0
"932",0,1,0,0,1,0,1,1,0
"933",0,1,0,0,1,0,1,1,0
"934",1,0,0,0,1,1,0,0,0
"935",1,1,0,0,0,0,0,1,1
"936",1,1,1,0,1,1,0,0,1
"937",1,0,0,0,1,1,0,0,0
"938",1,0,0,0,1,1,0,0,0
"939",1,0,1,0,1,0,1,0,0
"940",0,1,0,1,1,0,0,1,1
"941",1,0,0,0,1,1,0,0,0
"942",0,0,0,0,1,1,0,0,0
"943",0,1,0,0,1,1,0,0,1
"944",1,0,0,0,1,0,0,0,0
"945",1,1,0,0,1,0,0,1,1
"946",0,0,0,0,NA,0,0,0,0
"947",0,1,0,0,1,1,1,0,0
"948",0,0,0,0,1,1,0,0,0
"949",0,0,0,0,1,0,0,0,0
"950",0,0,0,1,1,0,0,0,0
"951",1,0,1,0,1,0,0,0,0
"952",1,0,1,0,1,1,0,0,0
"953",1,0,1,0,1,1,0,0,0
"954",0,0,1,0,1,1,0,0,0
"955",1,0,0,0,1,1,0,0,0
"956",0,1,1,0,1,1,0,0,1
"957",1,0,0,0,1,0,0,0,0
"958",1,0,0,0,1,1,0,0,0
"959",1,1,0,0,1,0,0,1,1
"960",1,0,1,1,1,0,0,0,0
"961",1,1,1,0,1,0,0,1,1
"962",1,1,0,0,0,0,0,1,1
"963",1,0,0,0,0,1,0,0,0
"964",1,1,1,0,1,1,0,0,1
"965",0,0,0,0,1,1,0,0,0
"966",1,0,1,0,0,0,0,0,0
"967",1,1,0,0,0,0,0,1,1
"968",1,1,0,0,1,1,0,0,1
"969",0,0,0,1,1,0,0,0,0
"970",1,1,1,0,0,1,0,0,1
"971",1,1,0,0,1,0,0,1,1
"972",0,1,0,0,1,1,0,0,1
"973",0,1,1,0,1,0,0,1,1
"974",1,0,0,0,1,1,1,0,0
"975",1,0,0,0,1,0,0,0,0
"976",1,0,0,0,0,1,0,0,0
"977",1,0,0,0,1,0,0,0,0
"978",1,1,0,0,1,1,0,0,1
"979",0,0,1,0,0,1,0,0,0
"980",1,1,0,1,1,0,1,1,0
"981",0,1,0,0,1,0,0,1,1
"982",1,0,0,0,0,0,0,0,0
"983",1,0,1,0,1,0,0,0,0
"984",1,0,0,0,1,1,0,0,0
"985",0,0,0,0,1,1,0,0,0
"986",0,1,1,0,1,1,1,0,0
"987",1,0,0,0,0,0,0,0,0
"988",0,1,0,0,1,0,0,1,1
"989",1,1,0,1,NA,1,0,0,1
"990",1,0,0,0,1,1,0,0,0
"991",1,0,0,0,1,1,0,0,0
"992",1,1,0,0,1,1,0,0,1
"993",1,1,0,0,1,0,0,1,1
"994",1,1,0,1,1,0,0,1,1
"995",1,1,0,0,0,0,0,1,1
"996",1,1,1,1,1,0,0,1,1
"997",0,1,1,0,1,1,0,0,1
"998",1,1,0,0,1,1,0,0,1
"999",0,1,0,1,1,1,0,0,1
"1000",0,0,0,1,1,0,0,0,0
"1001",1,0,0,0,1,1,0,0,0
"1002",0,0,1,0,1,1,0,0,0
"1003",1,0,0,1,1,0,0,0,0
"1004",1,1,0,0,1,0,0,1,1
"1005",1,1,0,1,1,0,0,1,1
"1006",0,1,0,0,1,1,0,0,1
"1007",1,0,0,0,0,1,0,0,0
"1008",1,0,0,0,1,0,1,0,0
"1009",0,0,0,0,1,0,0,0,0
"1010",0,0,0,0,0,0,0,0,0
"1011",1,1,0,0,1,1,1,0,0
"1012",1,0,0,0,1,1,0,0,0
"1013",0,0,0,0,1,0,0,0,0
"1014",1,0,0,0,1,0,0,0,0
"1015",1,0,1,0,1,0,0,0,0
"1016",0,0,0,0,1,1,0,0,0
"1017",1,0,1,0,0,1,1,0,0
"1018",1,0,0,0,1,1,0,0,0
"1019",1,0,1,0,1,1,0,0,0
"1020",1,0,0,0,1,0,0,0,0
"1021",0,0,1,0,1,0,0,0,0
"1022",1,0,0,0,0,0,0,0,0
"1023",1,1,1,0,1,0,0,1,1
"1024",1,0,1,0,1,1,0,0,0
"1025",0,1,1,0,1,1,0,0,1
"1026",1,1,1,0,1,1,0,0,1
"1027",1,1,0,0,1,1,0,0,1
"1028",1,1,0,0,1,0,0,1,1
"1029",1,1,0,0,1,0,0,1,1
"1030",1,0,0,0,0,0,0,0,0
"1031",1,0,0,0,1,0,0,0,0
"1032",0,0,0,0,1,1,0,0,0
"1033",1,0,0,0,1,1,0,0,0
"1034",1,0,0,0,1,1,0,0,0
"1035",1,0,1,0,1,1,0,0,0
"1036",1,0,0,0,1,1,0,0,0
"1037",0,0,0,0,1,1,0,0,0
"1038",0,0,0,0,1,0,0,0,0
"1039",0,1,1,0,1,0,1,1,0
"1040",1,1,0,0,0,0,0,1,1
"1041",0,0,1,0,1,1,1,0,0
"1042",0,0,0,0,1,1,0,0,0
"1043",1,0,0,0,1,0,1,0,0
"1044",1,1,1,0,1,1,0,0,1
"1045",1,0,1,0,1,0,1,0,0
"1046",0,1,0,0,0,0,0,1,1
"1047",1,0,0,0,0,0,1,0,0
"1048",1,0,0,0,1,0,0,0,0
"1049",0,1,0,0,1,1,0,0,1
"1050",1,1,0,0,1,1,0,0,1
"1051",1,0,1,0,0,1,0,0,0
"1052",1,1,0,0,1,0,1,1,0
"1053",1,0,0,1,1,0,0,0,0
"1054",1,0,0,0,0,1,0,0,0
"1055",1,0,0,0,0,0,0,0,0
"1056",1,1,0,0,1,0,0,1,1
"1057",1,1,1,0,1,0,0,1,1
"1058",1,1,0,0,1,0,0,1,1
"1059",1,1,0,0,1,0,0,1,1
"1060",1,1,0,0,1,1,0,0,1
"1061",1,1,0,0,1,1,0,0,1
"1062",1,0,0,0,1,1,0,0,0
"1063",1,0,0,0,1,0,0,0,0
"1064",1,0,0,0,0,0,0,0,0
"1065",1,1,0,0,1,1,0,0,1
"1066",0,1,0,0,1,0,0,1,1
"1067",1,0,0,0,1,1,0,0,0
"1068",0,1,0,0,1,1,1,0,0
"1069",0,1,0,0,1,1,0,0,1
"1070",0,1,0,0,1,0,0,1,1
"1071",1,0,0,0,1,0,0,0,0
"1072",1,1,0,0,1,0,0,1,1
"1073",1,0,1,0,1,1,0,0,0
"1074",0,0,0,0,1,0,0,0,0
"1075",0,1,0,0,1,1,0,0,1
"1076",0,1,0,0,1,1,0,0,1
"1077",0,1,0,0,1,1,0,0,1
"1078",1,1,1,0,NA,0,0,1,1
"1079",1,0,0,0,1,0,0,0,0
"1080",1,0,1,0,0,0,0,0,0
"1081",0,1,0,0,1,1,1,0,0
"1082",1,1,0,1,1,0,0,1,1
"1083",1,1,0,0,1,1,0,0,1
"1084",0,1,0,0,1,1,0,0,1
"1085",1,0,0,0,1,1,0,0,0
"1086",1,1,0,0,1,0,0,1,1
"1087",1,0,0,0,1,0,0,0,0
"1088",1,0,0,0,1,1,0,0,0
"1089",0,0,1,0,1,1,0,0,0
"1090",0,0,0,0,1,1,0,0,0
"1091",0,1,0,0,1,0,0,1,1
"1092",1,1,0,0,1,1,0,0,1
"1093",1,1,0,0,1,0,1,1,0
"1094",1,1,0,0,0,0,0,1,1
"1095",1,0,0,0,0,1,0,0,0
"1096",1,0,0,1,1,0,0,0,0
"1097",1,1,0,1,1,0,0,1,1
"1098",1,0,0,0,0,1,0,0,0
"1099",1,0,0,0,NA,1,0,0,0
"1100",1,1,0,0,0,1,0,0,1
"1101",1,1,1,0,0,1,0,0,1
"1102",1,0,1,0,1,1,0,0,0
"1103",1,0,0,0,1,0,0,0,0
"1104",1,0,0,0,1,0,1,0,0
"1105",1,1,0,0,1,0,0,1,1
"1106",0,1,0,0,1,0,1,1,0
"1107",1,1,0,1,0,1,0,0,1
"1108",1,1,0,0,1,0,0,1,1
"1109",1,1,1,0,1,0,1,1,0
"1110",0,0,0,0,1,1,0,0,0
"1111",1,1,0,0,1,1,0,0,1
"1112",1,1,0,0,1,0,1,1,0
"1113",1,0,0,0,1,0,0,0,0
"1114",1,1,0,0,1,0,0,1,1
"1115",1,0,0,1,1,1,0,0,0
"1116",1,0,0,0,1,1,0,0,0
"1117",1,0,0,0,0,1,0,0,0
"1118",1,0,0,0,1,1,0,0,0
"1119",1,1,0,0,1,0,0,1,1
"1120",1,0,0,0,1,1,0,0,0
"1121",1,0,0,0,1,0,0,0,0
"1122",1,1,1,1,0,0,0,1,1
"1123",1,1,0,0,1,0,1,1,0
"1124",1,0,1,0,1,0,0,0,0
"1125",1,1,0,0,1,0,0,1,1
"1126",1,1,0,0,1,0,1,1,0
"1127",1,1,0,0,1,1,0,0,1
"1128",1,0,1,0,0,0,0,0,0
"1129",0,1,0,0,1,0,0,1,1
"1130",1,0,0,0,0,1,0,0,0
"1131",0,0,0,0,1,1,0,0,0
"1132",1,0,1,0,0,0,1,0,0
"1133",1,1,0,0,1,0,0,1,1
"1134",0,0,0,0,1,0,0,0,0
"1135",0,1,0,0,1,1,0,0,1
"1136",0,0,0,0,1,1,1,0,0
"1137",1,0,1,1,NA,1,0,0,0
"1138",1,1,0,0,1,0,0,1,1
"1139",1,0,0,0,1,0,0,0,0
"1140",1,1,0,1,1,0,0,1,1
"1141",1,0,0,0,1,1,0,0,0
"1142",0,0,1,0,NA,1,0,0,0
"1143",0,0,1,0,1,1,1,0,0
"1144",1,0,0,0,1,0,0,0,0
"1145",1,0,1,1,1,0,1,0,0
"1146",0,1,0,0,1,0,0,1,1
"1147",1,0,0,0,0,0,0,0,0
"1148",1,1,0,0,1,0,1,1,0
"1149",1,0,0,0,0,0,0,0,0
"1150",1,0,0,0,NA,0,0,0,0
"1151",0,0,0,0,1,1,0,0,0
"1152",1,0,1,1,0,0,0,0,0
"1153",1,1,1,1,1,1,1,0,0
"1154",1,0,0,0,1,1,0,0,0
"1155",1,0,0,0,0,0,0,0,0
"1156",0,1,0,0,1,0,0,1,1
"1157",0,1,0,0,1,0,0,1,1
"1158",0,0,0,0,1,1,0,0,0
"1159",0,1,1,0,1,1,0,0,1
"1160",1,0,0,0,1,1,0,0,0
"1161",1,0,0,1,0,0,0,0,0
"1162",1,1,0,1,1,0,0,1,1
"1163",1,1,0,1,1,1,0,0,1
"1164",1,1,1,0,1,1,1,0,0
"1165",0,0,1,0,1,1,0,0,0
"1166",1,0,0,0,0,0,0,0,0
"1167",1,1,1,0,0,0,0,1,1
"1168",1,1,1,1,1,0,0,1,1
"1169",1,0,0,0,1,0,1,0,0
"1170",1,0,1,0,0,0,0,0,0
"1171",1,0,1,0,1,0,0,0,0
"1172",0,1,0,1,1,0,0,1,1
"1173",0,1,0,0,1,1,0,0,1
"1174",1,1,0,1,NA,1,0,0,1
"1175",1,1,0,1,1,1,0,0,1
"1176",1,0,0,0,1,1,0,0,0
"1177",1,1,1,0,1,0,0,1,1
"1178",1,0,1,0,1,1,0,0,0
"1179",1,1,0,0,1,1,0,0,1
"1180",1,1,0,0,0,1,0,0,1
"1181",1,0,0,0,1,0,0,0,0
"1182",1,1,1,0,1,0,0,1,1
"1183",1,0,0,0,0,1,0,0,0
"1184",1,0,0,0,1,1,0,0,0
"1185",1,1,0,0,0,0,0,1,1
"1186",1,0,0,0,1,0,0,0,0
"1187",1,1,0,0,1,1,0,0,1
"1188",1,0,0,1,1,0,0,0,0
"1189",1,1,0,1,1,1,0,0,1
"1190",1,1,0,0,1,0,0,1,1
"1191",1,0,1,0,0,0,1,0,0
"1192",1,0,0,0,NA,1,0,0,0
"1193",0,0,1,0,1,1,0,0,0
"1194",0,1,0,0,0,1,0,0,1
"1195",0,1,0,0,1,1,0,0,1
"1196",0,1,0,0,1,0,0,1,1
"1197",1,0,1,0,1,0,0,0,0
"1198",1,1,0,1,0,0,0,1,1
"1199",1,1,0,0,1,0,0,1,1
"1200",1,1,0,1,1,1,0,0,1
"1201",0,1,0,0,1,1,0,0,1
"1202",1,1,0,1,1,0,0,1,1
"1203",1,0,1,0,1,1,0,0,0
"1204",1,0,1,1,1,0,0,0,0
"1205",1,1,1,0,1,1,0,0,1
"1206",0,1,0,0,1,1,0,0,1
"1207",1,1,0,0,1,0,0,1,1
"1208",1,1,0,0,1,0,0,1,1
"1209",1,1,0,0,1,0,0,1,1
"1210",1,0,1,0,1,0,0,0,0
"1211",1,0,1,0,0,1,1,0,0
"1212",1,0,1,0,NA,1,0,0,0
"1213",1,0,0,0,1,1,0,0,0
"1214",0,0,1,0,0,0,0,0,0
"1215",0,0,0,1,1,1,0,0,0
"1216",0,1,0,0,1,0,0,1,1
"1217",1,0,0,0,1,1,0,0,0
"1218",0,1,0,1,1,0,0,1,1
"1219",0,0,0,1,0,0,0,0,0
"1220",1,0,0,0,1,1,0,0,0
"1221",0,0,0,0,1,1,0,0,0
"1222",0,0,0,0,1,1,0,0,0
"1223",0,1,0,1,1,0,1,1,0
"1224",0,1,0,0,1,0,0,1,1
"1225",1,0,0,0,0,1,0,0,0
"1226",1,0,1,0,0,1,0,0,0
"1227",0,0,0,0,NA,1,0,0,0
"1228",0,1,0,0,1,1,0,0,1
"1229",0,0,1,0,1,1,0,0,0
"1230",1,1,0,1,0,0,0,1,1
"1231",1,0,0,0,1,0,0,0,0
"1232",1,1,0,0,1,0,0,1,1
"1233",1,1,0,0,1,1,0,0,1
"1234",0,0,0,0,1,1,0,0,0
"1235",1,1,1,0,1,0,0,1,1
"1236",0,0,0,0,1,1,0,0,0
"1237",1,0,0,1,0,1,0,0,0
"1238",1,0,1,0,1,0,0,0,0
"1239",1,1,0,0,1,1,0,0,1
"1240",1,1,0,0,0,1,0,0,1
"1241",1,1,0,0,1,0,0,1,1
"1242",0,0,0,0,NA,1,0,0,0
"1243",1,1,0,0,1,0,0,1,1
"1244",1,0,1,0,1,0,0,0,0
"1245",0,0,0,0,1,0,0,0,0
"1246",0,1,0,0,1,0,0,1,1
"1247",1,1,0,0,1,0,0,1,1
"1248",0,1,0,0,1,0,0,1,1
"1249",1,1,0,0,1,1,0,0,1
"1250",0,0,1,0,1,1,0,0,0
"1251",1,1,0,0,1,1,0,0,1
"1252",0,1,0,0,1,1,0,0,1
"1253",1,0,1,0,NA,1,0,0,0
"1254",0,1,0,0,0,1,0,0,1
"1255",1,1,0,0,1,0,0,1,1
"1256",1,1,0,1,0,1,0,0,1
"1257",0,0,0,0,1,1,0,0,0
"1258",1,0,0,0,1,1,0,0,0
"1259",1,1,0,0,0,0,0,1,1
"1260",0,1,0,0,1,0,0,1,1
"1261",1,0,0,0,1,0,0,0,0
"1262",0,1,0,0,1,0,0,1,1
"1263",1,0,0,0,1,0,0,0,0
"1264",1,1,0,0,1,0,0,1,1
"1265",0,1,1,0,1,1,0,0,1
"1266",0,1,0,0,1,0,0,1,1
"1267",1,0,0,0,0,0,0,0,0
"1268",1,1,0,0,1,0,0,1,1
"1269",1,1,0,0,1,0,1,1,0
"1270",1,0,0,0,1,1,0,0,0
"1271",0,1,0,0,1,0,0,1,1
"1272",1,0,0,0,1,1,0,0,0
"1273",0,1,0,0,1,1,0,0,1
"1274",0,1,1,1,1,0,1,1,0
"1275",0,1,0,1,1,0,1,1,0
"1276",1,0,0,0,1,1,0,0,0
"1277",1,1,0,1,0,0,0,1,1
"1278",0,1,0,1,1,0,0,1,1
"1279",1,0,1,0,1,0,0,0,0
"1280",0,1,0,0,1,1,0,0,1
"1281",1,1,0,0,1,0,0,1,1
"1282",0,0,0,0,1,1,0,0,0
"1283",1,0,0,0,0,0,0,0,0
"1284",0,0,1,0,1,1,0,0,0
"1285",1,0,0,0,1,1,0,0,0
"1286",0,1,1,1,1,0,0,1,1
"1287",1,1,0,1,1,0,0,1,1
"1288",1,1,0,1,1,0,0,1,1
"1289",1,0,0,0,0,0,0,0,0
"1290",1,1,0,1,1,0,0,1,1
"1291",1,1,0,0,0,1,0,0,1
"1292",1,1,0,0,0,0,0,1,1
"1293",1,1,0,0,0,1,0,0,1
"1294",1,0,0,0,1,1,0,0,0
"1295",1,0,0,1,1,1,0,0,0
"1296",1,1,0,0,NA,1,0,0,1
"1297",1,1,0,0,1,0,0,1,1
"1298",0,1,0,0,1,0,0,1,1
"1299",0,0,0,1,0,1,0,0,0
"1300",1,0,1,1,1,1,0,0,0
"1301",1,1,1,0,1,0,0,1,1
"1302",0,1,0,0,1,1,0,0,1
"1303",1,0,0,0,1,0,0,0,0
"1304",0,0,0,0,1,1,0,0,0
"1305",0,0,0,0,1,1,0,0,0
"1306",1,1,1,0,1,0,0,1,1
"1307",0,1,1,0,1,1,0,0,1
"1308",1,1,0,0,1,0,0,1,1
"1309",1,1,1,0,0,1,0,0,1
"1310",1,0,0,0,0,0,0,0,0
"1311",1,0,0,0,1,0,0,0,0
"1312",0,0,1,0,1,1,0,0,0
"1313",1,1,0,0,1,0,0,1,1
"1314",0,1,0,0,1,1,0,0,1
"1315",0,1,1,0,1,1,0,0,1
"1316",1,1,0,0,1,0,0,1,1
"1317",0,1,0,0,1,0,0,1,1
"1318",0,1,1,0,1,0,0,1,1
"1319",1,0,1,0,1,1,0,0,0
"1320",0,1,0,0,1,0,1,1,0
"1321",0,0,0,0,1,0,0,0,0
"1322",0,1,0,0,1,0,0,1,1
"1323",1,1,0,0,1,1,0,0,1
"1324",0,0,0,0,1,0,0,0,0
"1325",1,0,0,0,1,0,0,0,0
"1326",1,0,0,0,1,1,0,0,0
"1327",1,0,0,1,1,1,0,0,0
"1328",0,0,0,0,1,1,0,0,0
"1329",0,1,0,0,1,1,1,0,0
"1330",0,0,1,0,1,1,0,0,0
"1331",1,0,1,0,1,0,0,0,0
"1332",1,1,0,0,1,0,0,1,1
"1333",1,1,0,0,1,1,0,0,1
"1334",1,1,0,0,0,1,0,0,1
"1335",0,0,1,0,1,1,0,0,0
"1336",1,0,0,0,1,1,1,0,0
"1337",1,1,1,0,1,1,0,0,1
"1338",1,1,1,0,1,0,0,1,1
"1339",1,1,0,0,1,0,0,1,1
"1340",1,0,0,0,1,1,0,0,0
"1341",1,1,0,0,1,1,0,0,1
"1342",1,0,0,0,1,1,0,0,0
"1343",1,1,0,1,1,0,0,1,1
"1344",1,1,1,0,1,0,0,1,1
"1345",0,1,0,1,1,1,0,0,1
"1346",1,1,0,0,1,0,0,1,1
"1347",1,0,1,0,1,0,0,0,0
"1348",1,0,0,0,1,0,1,0,0
"1349",1,0,0,0,1,1,0,0,0
"1350",1,0,0,1,1,0,1,0,0
"1351",1,0,0,0,1,1,1,0,0
"1352",0,0,0,0,1,0,0,0,0
"1353",1,0,0,0,1,1,0,0,0
"1354",1,0,0,0,1,1,0,0,0
"1355",1,0,0,0,0,0,0,0,0
"1356",1,0,0,0,1,0,0,0,0
"1357",0,0,0,0,1,1,0,0,0
"1358",0,1,0,0,1,0,0,1,1
"1359",1,1,0,0,1,0,0,1,1
"1360",1,1,0,0,1,1,0,0,1
"1361",0,1,0,0,1,1,1,0,0
"1362",1,0,0,0,1,1,0,0,0
"1363",0,0,0,0,1,0,1,0,0
"1364",0,1,1,0,1,1,1,0,0
"1365",1,0,0,0,1,0,0,0,0
"1366",1,1,0,0,0,1,0,0,1
"1367",1,1,0,0,0,0,0,1,1
"1368",1,0,1,0,1,1,1,0,0
"1369",1,0,0,0,NA,0,0,0,0
"1370",0,1,0,0,NA,1,1,0,0
"1371",1,0,0,0,1,1,0,0,0
"1372",1,1,0,1,1,0,0,1,1
"1373",0,1,0,0,1,0,0,1,1
"1374",0,1,1,0,1,1,1,0,0
"1375",0,1,0,0,1,1,0,0,1
"1376",0,0,0,0,1,0,0,0,0
"1377",1,0,0,0,1,1,0,0,0
"1378",1,0,1,0,1,0,0,0,0
"1379",1,1,0,0,0,1,0,0,1
"1380",1,0,1,0,1,0,0,0,0
"1381",1,1,0,0,1,1,0,0,1
"1382",1,0,0,1,1,1,0,0,0
"1383",0,1,0,0,1,0,0,1,1
"1384",1,0,0,0,NA,1,0,0,0
"1385",1,1,0,1,1,1,0,0,1
"1386",1,1,0,0,1,0,1,1,0
"1387",1,0,0,0,NA,1,0,0,0
"1388",1,0,1,0,1,1,0,0,0
"1389",0,1,1,1,1,1,1,0,0
"1390",1,1,1,1,1,0,1,1,0
"1391",1,1,0,1,1,1,0,0,1
"1392",1,0,0,0,0,1,0,0,0
"1393",1,0,0,1,0,0,0,0,0
"1394",1,0,1,0,1,1,1,0,0
"1395",1,1,0,0,0,0,0,1,1
"1396",0,1,0,0,1,1,0,0,1
"1397",1,0,0,0,1,0,0,0,0
"1398",1,0,0,0,0,0,0,0,0
"1399",1,0,0,0,0,1,0,0,0
"1400",1,1,0,0,1,0,0,1,1
"1401",1,0,0,0,0,0,0,0,0
"1402",1,1,0,0,1,1,0,0,1
"1403",1,1,0,0,1,0,0,1,1
"1404",1,0,0,0,0,1,0,0,0
"1405",1,0,0,0,1,0,0,0,0
"1406",1,1,1,0,1,0,0,1,1
"1407",1,0,0,0,1,1,0,0,0
"1408",1,1,0,0,NA,0,1,1,0
"1409",1,0,1,0,1,0,0,0,0
"1410",1,0,0,0,1,0,0,0,0
"1411",1,0,0,0,1,0,0,0,0
"1412",1,0,1,0,1,0,0,0,0
"1413",1,0,1,1,1,0,0,0,0
"1414",0,0,1,0,1,1,0,0,0
"1415",1,0,1,1,0,0,0,0,0
"1416",1,1,1,0,0,1,0,0,1
"1417",1,0,0,1,1,0,0,0,0
"1418",1,0,0,0,NA,1,0,0,0
"1419",1,1,0,0,1,1,0,0,1
"1420",0,0,1,0,1,1,0,0,0
"1421",1,0,0,0,0,1,0,0,0
"1422",0,0,1,0,1,1,0,0,0
"1423",1,0,1,0,1,0,0,0,0
"1424",1,0,1,0,0,1,0,0,0
"1425",1,1,0,0,0,1,1,0,0
"1426",0,1,0,1,0,0,0,1,1
"1427",1,1,0,1,1,0,0,1,1
"1428",1,0,0,1,1,0,0,0,0
"1429",0,0,0,0,1,1,1,0,0
"1430",1,1,0,1,0,0,1,1,0
"1431",0,1,0,0,1,1,0,0,1
"1432",1,1,0,0,1,1,0,0,1
"1433",0,0,0,0,1,0,0,0,0
"1434",1,0,0,0,NA,0,1,0,0
"1435",0,1,0,0,1,0,0,1,1
"1436",1,0,1,0,1,1,0,0,0
"1437",0,0,0,0,1,1,1,0,0
"1438",0,1,0,0,1,1,0,0,1
"1439",0,0,0,0,0,1,0,0,0
"1440",0,0,0,0,1,0,0,0,0
"1441",0,0,0,0,1,1,1,0,0
"1442",1,0,1,0,1,1,0,0,0
"1443",0,0,0,0,1,0,0,0,0
"1444",1,1,0,1,0,0,0,1,1
"1445",1,0,1,0,1,1,0,0,0
"1446",1,1,0,0,1,1,0,0,1
"1447",1,1,0,0,1,0,0,1,1
"1448",0,0,0,0,1,1,0,0,0
"1449",0,0,0,0,1,1,0,0,0
"1450",1,1,0,0,1,0,0,1,1
"1451",1,1,0,0,1,1,0,0,1
"1452",0,1,0,0,1,0,0,1,1
"1453",0,1,0,1,0,0,0,1,1
"1454",1,0,1,0,1,1,0,0,0
"1455",0,0,0,0,1,1,0,0,0
"1456",1,0,1,0,1,0,0,0,0
"1457",1,0,0,0,1,1,0,0,0
"1458",0,1,0,0,1,0,0,1,1
"1459",1,0,0,0,1,1,0,0,0
"1460",0,0,0,0,0,0,0,0,0
"1461",1,1,0,0,1,1,0,0,1
"1462",1,1,0,0,1,0,0,1,1
"1463",1,0,0,1,0,0,1,0,0
"1464",1,1,0,0,1,0,0,1,1
"1465",0,0,0,0,0,0,0,0,0
"1466",1,0,1,0,1,1,0,0,0
"1467",1,1,0,0,1,1,0,0,1
